taxpayer_id,period_end_date,income,tax_paid,deductions,salary_reported,salary_employer,filed_date,amendment_count,is_fraud,title,tickets_sold
TP100000,2022-03-31,68832.61,15534.89,11842.47,63768.09,49743.2,2022-06-07,0,0,Sample Film 0001,0
TP100000,2023-03-31,75186.67,12483.1,10068.18,53205.7,54335.09,2023-03-31,0,0,Sample Film 0002,0
TP100000,2024-03-31,66310.23,13124.89,2356.47,60826.81,47920.35,2024-05-26,0,0,Sample Film 0003,0
TP100001,2022-03-31,44520.2,7707.18,3044.73,30330.05,30912.09,2022-08-06,0,0,Sample Film 0004,641
TP100001,2023-03-31,57878.16,11700.3,3327.46,32856.51,40187.04,2023-05-11,0,0,Sample Film 0005,0
TP100001,2024-03-31,48347.72,7062.8,2690.25,32141.47,33569.69,2024-06-01,0,0,Sample Film 0006,492
TP100002,2022-03-31,34202.59,7157.45,999.49,24673.16,24338.37,2022-04-09,0,0,Sample Film 0007,215
TP100002,2023-03-31,42554.72,6836.26,10772.91,28844.58,30281.7,2023-04-17,1,0,Sample Film 0008,0
TP100002,2024-03-31,36395.49,7689.45,5766.29,24803.25,25898.82,2024-04-29,0,0,Sample Film 0009,494
TP100003,2022-03-31,66717.96,11495.58,10021.16,48610.76,47112.51,2022-02-25,0,0,Sample Film 0010,239
TP100003,2023-03-31,66828.04,15810.55,11850.08,49416.6,47190.25,2023-03-19,1,0,Sample Film 0011,53
TP100003,2024-03-31,61075.28,11868.92,9505.86,41596.47,43127.97,2024-05-25,0,0,Sample Film 0012,57
TP100004,2022-03-31,89876.45,12397.96,449.72,70997.94,67326.25,2022-04-28,1,0,Sample Film 0013,0
TP100004,2023-03-31,94015.67,17116.2,8043.8,69307.61,70426.93,2023-05-10,0,0,Sample Film 0014,0
TP100004,2024-03-31,90394.67,17779.15,0.0,83852.8,67714.45,2024-05-20,0,0,Sample Film 0015,0
TP100005,2022-03-31,66957.75,12641.1,6372.0,39603.34,49722.66,2022-07-09,0,0,Sample Film 0016,303
TP100005,2023-03-31,29318.38,5954.54,5696.61,22114.91,21771.75,2023-04-18,0,0,Sample Film 0017,102
TP100005,2024-03-31,29946.73,5638.99,5158.06,22244.23,22238.37,2024-05-07,0,0,Sample Film 0018,1390
TP100006,2022-03-31,69648.48,14083.64,4911.14,50152.65,48451.34,2022-06-07,0,0,Sample Film 0019,424
TP100006,2023-03-31,53755.09,9825.05,5163.01,38295.37,37395.02,2023-04-10,0,0,Sample Film 0020,0
TP100006,2024-03-31,67877.49,10308.23,6403.09,48627.87,47219.34,2024-06-10,0,0,Sample Film 0021,184
TP100007,2022-03-31,56284.66,14039.63,0.0,39286.37,38932.74,2022-04-30,0,0,Sample Film 0022,600
TP100007,2023-03-31,67798.43,17062.9,10409.05,47957.24,46896.94,2023-05-15,0,0,Sample Film 0023,288
TP100007,2024-03-31,57118.63,11146.68,5977.26,38218.8,39509.6,2024-04-30,0,0,Sample Film 0024,0
TP100008,2022-03-31,69180.8,16279.04,11809.02,44986.42,45213.87,2022-07-10,0,0,Sample Film 0025,0
TP100008,2023-03-31,62441.94,8803.95,15899.67,42264.43,40809.61,2023-04-01,0,1,Sample Film 0026,161
TP100008,2024-03-31,81854.22,13259.85,7178.51,53273.38,53496.72,2024-06-22,0,0,Sample Film 0027,301
TP100009,2022-03-31,126593.87,20423.75,12187.85,86963.72,85856.66,2022-05-25,0,1,Sample Film 0028,417
TP100009,2023-03-31,61932.98,11109.1,7426.75,43164.31,42003.29,2023-05-31,0,0,Sample Film 0029,0
TP100009,2024-03-31,49960.21,9011.04,8023.42,33273.56,33883.29,2025-02-13,0,0,Sample Film 0030,476
TP100010,2022-03-31,163835.72,27294.51,31422.92,100140.8,104408.97,2022-06-04,1,0,Sample Film 0031,0
TP100010,2023-03-31,137878.33,32141.22,23978.13,84362.07,87866.88,2023-12-30,1,1,Sample Film 0032,417
TP100010,2024-03-31,345756.15,71286.71,72947.31,231051.63,220342.94,2024-04-30,0,0,Sample Film 0033,0
TP100011,2022-03-31,214647.6,46821.97,29533.87,149317.86,142721.65,2022-04-01,0,0,Sample Film 0034,0
TP100011,2023-03-31,245457.82,44695.31,36382.84,156251.75,163207.72,2023-05-29,0,0,Sample Film 0035,272
TP100011,2024-03-31,136293.99,28099.68,14749.23,78713.52,90623.44,2024-07-19,0,0,Sample Film 0036,0
TP100012,2022-03-31,105898.71,20213.34,4933.99,69940.74,67039.74,2022-06-28,1,0,Sample Film 0037,69
TP100012,2023-03-31,89815.1,15406.29,0.0,58803.14,56857.92,2023-06-24,0,0,Sample Film 0038,0
TP100012,2024-03-31,109756.81,17782.66,9362.82,71911.55,69482.12,2024-05-24,0,0,Sample Film 0039,0
TP100013,2022-03-31,170186.95,31220.09,17164.62,127399.28,126741.4,2022-06-14,0,1,Sample Film 0040,253
TP100013,2023-03-31,81080.9,12247.46,4670.01,57451.16,60382.46,2023-06-15,0,0,Sample Film 0041,0
TP100013,2024-03-31,78584.83,12997.82,7073.94,60644.27,58523.59,2024-05-14,0,0,Sample Film 0042,476
TP100014,2022-03-31,32461.06,6495.14,1314.07,22083.49,21240.69,2022-05-29,0,1,Sample Film 0043,0
TP100014,2023-03-31,19881.55,3294.97,1793.17,12832.79,13009.36,2023-04-13,0,0,Sample Film 0044,0
TP100014,2024-03-31,18491.9,3447.25,2553.95,11718.32,12100.05,2024-04-26,0,0,Sample Film 0045,1205
TP100015,2022-03-31,106387.27,19241.05,24541.37,70654.79,73543.79,2022-06-29,0,0,Sample Film 0046,0
TP100015,2023-03-31,86870.11,13621.52,14308.28,60613.93,60051.89,2023-06-15,0,0,Sample Film 0047,413
TP100015,2024-03-31,55032.82,8193.43,9505.9,37522.41,38043.29,2024-06-11,0,0,Sample Film 0048,1009
TP100016,2022-03-31,45276.33,7299.46,2111.97,29667.57,30967.48,2022-04-28,0,0,Sample Film 0049,240
TP100016,2023-03-31,46345.84,8224.2,5242.7,31878.92,31698.99,2023-04-15,0,0,Sample Film 0050,0
TP100016,2024-03-31,50089.62,9873.56,3263.06,33535.46,34259.61,2024-05-05,0,0,Sample Film 0051,1441
TP100017,2022-03-31,58004.52,9393.31,5509.96,40858.74,39822.45,2022-04-23,0,0,Sample Film 0052,1274
TP100017,2023-03-31,30488.16,5827.34,816.48,20264.14,20931.36,2023-05-17,0,0,Sample Film 0053,0
TP100017,2024-03-31,24360.61,4152.16,999.43,17000.83,16724.55,2024-03-10,0,0,Sample Film 0054,204
TP100018,2022-03-31,21628.2,3665.0,1426.21,13783.35,13723.58,2022-05-08,0,0,Sample Film 0055,0
TP100018,2023-03-31,22389.02,4798.25,2191.7,13711.49,14206.33,2023-05-17,0,0,Sample Film 0056,777
TP100018,2024-03-31,23693.33,4550.57,855.38,14507.64,15033.95,2024-04-15,0,0,Sample Film 0057,458
TP100019,2022-03-31,106662.3,19745.09,6417.59,75424.84,75712.5,2022-05-20,1,0,Sample Film 0058,1428
TP100019,2023-03-31,120231.03,23376.55,3556.83,82378.67,85344.04,2023-07-10,0,0,Sample Film 0059,792
TP100019,2024-03-31,116187.54,29762.69,5180.42,78801.79,82473.84,2024-12-13,0,0,Sample Film 0060,0
TP100020,2022-03-31,48963.4,7611.15,3678.92,36445.07,36451.02,2022-05-10,0,0,Sample Film 0061,589
TP100020,2023-03-31,98558.12,12285.55,9013.29,73388.13,73372.03,2023-05-10,1,0,Sample Film 0062,0
TP100020,2024-03-31,48420.32,9695.12,6283.47,34481.24,36046.72,2024-04-28,0,0,Sample Film 0063,0
TP100021,2022-03-31,114553.06,20104.48,7733.69,82170.3,81003.85,2022-05-04,0,0,Sample Film 0064,79
TP100021,2023-03-31,171247.2,31331.79,5926.24,122943.62,121093.96,2023-05-04,0,0,Sample Film 0065,56
TP100021,2024-03-31,100149.84,14778.92,7202.81,73625.72,70818.91,2024-05-24,0,0,Sample Film 0066,0
TP100022,2022-03-31,33383.51,4253.29,4056.75,24393.93,24905.83,2022-03-11,0,0,Sample Film 0067,519
TP100022,2023-03-31,27574.03,4937.72,2056.33,20073.59,20571.65,2023-03-25,0,0,Sample Film 0068,36
TP100022,2024-03-31,27534.64,5243.35,0.0,20853.32,20542.27,2024-05-31,0,0,Sample Film 0069,837
TP100023,2022-03-31,113455.81,22183.99,0.0,78938.8,74337.93,2022-04-26,0,0,Sample Film 0070,0
TP100023,2023-03-31,133916.65,32466.68,0.0,89784.86,87744.17,2023-12-28,0,0,Sample Film 0071,0
TP100023,2024-03-31,115804.75,21469.66,0.0,77306.52,75876.98,2024-03-30,0,0,Sample Film 0072,0
TP100024,2022-03-31,72805.39,12564.35,1293.54,49316.67,49110.89,2022-06-02,0,0,Sample Film 0073,352
TP100024,2023-03-31,75571.59,16053.18,0.0,53240.51,50976.83,2024-01-15,0,0,Sample Film 0074,211
TP100024,2024-03-31,161636.5,22903.49,3153.69,112788.62,109031.93,2024-06-04,0,0,Sample Film 0075,209
TP100025,2022-03-31,41321.92,7949.39,0.0,30215.8,30773.57,2022-06-10,0,1,Sample Film 0076,182
TP100025,2023-03-31,40693.44,7425.27,4116.13,31211.0,30305.52,2023-04-29,0,0,Sample Film 0077,745
TP100025,2024-03-31,51342.27,6651.15,0.0,37237.18,38236.0,2024-05-05,0,0,Sample Film 0078,0
TP100026,2022-03-31,66788.08,10021.51,10748.0,50211.86,50376.08,2022-05-08,0,0,Sample Film 0079,150
TP100026,2023-03-31,54090.13,10535.33,4642.78,41939.09,40798.43,2023-04-27,1,0,Sample Film 0080,0
TP100026,2024-03-31,52734.81,7635.63,4434.98,39923.22,39776.15,2024-06-02,0,0,Sample Film 0081,0
TP100027,2022-03-31,43211.83,5511.39,2778.86,32599.57,31887.15,2022-04-19,0,0,Sample Film 0082,39
TP100027,2023-03-31,49251.35,12598.89,4956.24,35790.75,36343.87,2023-06-04,0,0,Sample Film 0083,972
TP100027,2024-03-31,54510.71,10475.24,8881.17,41019.22,40224.89,2024-06-14,0,0,Sample Film 0084,820
TP100028,2022-03-31,60327.99,9380.52,6562.05,39055.62,44777.12,2022-06-22,0,0,Sample Film 0085,0
TP100028,2023-03-31,59698.14,12082.16,7203.46,46361.12,44309.62,2023-05-02,0,0,Sample Film 0086,147
TP100028,2024-03-31,58513.93,11249.62,6669.66,43955.81,43430.66,2025-01-24,0,1,Sample Film 0087,242
TP100029,2022-03-31,45285.17,6184.12,3094.6,32526.87,31595.41,2022-12-12,0,0,Sample Film 0088,399
TP100029,2023-03-31,41213.46,8222.33,7143.01,29152.91,28754.58,2023-03-31,0,0,Sample Film 0089,0
TP100029,2024-03-31,42070.31,7666.31,7017.58,30421.88,29352.4,2024-05-30,0,0,Sample Film 0090,27
TP100030,2022-03-31,68444.55,15049.22,9049.16,49359.49,49450.86,2022-06-05,0,0,Sample Film 0091,0
TP100030,2023-03-31,69201.22,16195.04,2962.86,49049.41,49997.55,2023-05-31,1,0,Sample Film 0092,0
TP100030,2024-03-31,74633.43,11893.23,12066.39,51439.82,53922.3,2024-05-27,0,0,Sample Film 0093,72
TP100031,2022-03-31,65705.47,11339.76,6054.45,37425.36,50091.02,2022-04-14,0,0,Sample Film 0094,0
TP100031,2023-03-31,30203.98,5686.36,2607.12,21947.63,23026.21,2023-07-08,0,0,Sample Film 0095,209
TP100031,2024-03-31,36719.65,8060.76,4998.44,28395.4,27993.48,2024-11-13,0,1,Sample Film 0096,135
TP100032,2022-03-31,50984.91,8299.78,10583.73,38440.11,36622.42,2022-05-28,0,0,Sample Film 0097,357
TP100032,2023-03-31,95382.24,14242.12,13465.06,68002.52,68512.99,2023-06-03,0,0,Sample Film 0098,207
TP100032,2024-03-31,50808.5,10741.58,2010.02,38000.66,36495.71,2024-04-27,0,0,Sample Film 0099,739
TP100033,2022-03-31,81348.55,14580.38,14914.28,59824.89,57686.18,2022-06-07,0,0,Sample Film 0100,0
TP100033,2023-03-31,100736.01,20572.19,6287.26,73387.81,71434.28,2023-08-27,0,0,Sample Film 0101,0
TP100033,2024-03-31,86470.31,17248.04,4764.66,59276.5,61318.13,2024-06-09,0,0,Sample Film 0102,697
TP100034,2022-03-31,86905.0,15130.99,12889.83,46431.2,60045.58,2022-05-16,0,1,Sample Film 0103,126
TP100034,2023-03-31,114853.17,13788.58,13656.8,78996.74,79355.9,2023-05-28,0,1,Sample Film 0104,0
TP100034,2024-03-31,106375.92,20434.99,15166.88,70513.91,73498.69,2024-04-13,0,0,Sample Film 0105,11
TP100035,2022-03-31,74137.83,12346.35,7549.5,58177.07,57094.97,2022-04-12,0,0,Sample Film 0106,408
TP100035,2023-03-31,174741.44,36722.66,14999.21,135473.6,134571.75,2023-05-31,0,0,Sample Film 0107,352
TP100035,2024-03-31,72002.75,12317.73,12041.81,53344.74,55450.71,2024-05-09,0,0,Sample Film 0108,79
TP100036,2022-03-31,35314.8,6035.08,6572.54,23073.61,22801.16,2022-04-23,0,0,Sample Film 0109,64
TP100036,2023-03-31,71141.79,15208.94,17778.14,46428.66,45933.02,2023-03-22,0,0,Sample Film 0110,0
TP100036,2024-03-31,83317.05,15977.09,14659.12,52636.78,53794.04,2024-04-16,0,0,Sample Film 0111,0
TP100037,2022-03-31,64732.55,12720.05,136.03,47563.62,47444.23,2022-04-26,0,0,Sample Film 0112,224
TP100037,2023-03-31,79717.55,12964.55,4281.07,61064.56,58427.14,2023-06-20,0,0,Sample Film 0113,271
TP100037,2024-03-31,71066.06,10140.0,1128.06,50913.29,52086.24,2024-05-06,0,0,Sample Film 0114,694
TP100038,2022-03-31,166465.04,26293.6,16536.33,116375.22,119580.61,2022-07-02,0,0,Sample Film 0115,323
TP100038,2023-03-31,176702.61,31795.42,21556.66,133170.54,126934.79,2023-04-28,0,0,Sample Film 0116,461
TP100038,2024-03-31,383106.47,87674.64,3457.5,271214.99,275205.57,2024-11-13,1,0,Sample Film 0117,72
TP100039,2022-03-31,80543.06,17464.16,4515.4,59680.34,58729.87,2022-07-04,1,0,Sample Film 0118,290
TP100039,2023-03-31,76741.71,11532.68,11358.9,53701.1,55958.02,2023-07-01,0,0,Sample Film 0119,0
TP100039,2024-03-31,78255.28,11521.57,7882.15,59498.22,57061.68,2024-06-20,0,0,Sample Film 0120,149
TP100040,2022-03-31,39593.81,7818.66,2555.94,27242.08,28413.74,2022-04-18,0,0,Sample Film 0121,0
TP100040,2023-03-31,46210.31,6098.35,5442.66,34327.33,33161.94,2023-06-09,0,0,Sample Film 0122,87
TP100040,2024-03-31,51072.47,9041.53,7482.42,35115.2,36651.18,2024-06-01,0,0,Sample Film 0123,0
TP100041,2022-03-31,127980.88,22940.47,24979.7,94141.59,91712.94,2022-05-15,0,0,Sample Film 0124,0
TP100041,2023-03-31,170478.95,30975.94,30819.08,121343.02,122167.68,2023-05-16,0,0,Sample Film 0125,0
TP100041,2024-03-31,119584.93,18057.86,20945.81,100132.42,85696.28,2024-04-24,1,0,Sample Film 0126,88
TP100042,2022-03-31,50624.89,9371.3,5402.86,35180.15,34749.62,2022-06-19,0,0,Sample Film 0127,0
TP100042,2023-03-31,48388.96,8383.73,6232.92,31543.89,33214.85,2023-06-06,1,1,Sample Film 0128,479
TP100042,2024-03-31,40295.18,6290.35,3389.27,27791.82,27659.17,2024-06-01,0,0,Sample Film 0129,26
TP100043,2022-03-31,36149.62,5558.2,1611.99,25162.31,24212.95,2022-06-18,0,0,Sample Film 0130,0
TP100043,2023-03-31,84791.4,18850.57,18580.75,57569.32,56793.13,2023-04-25,0,0,Sample Film 0131,168
TP100043,2024-03-31,39577.79,6690.24,6635.01,18748.99,26509.13,2024-04-04,0,0,Sample Film 0132,0
TP100044,2022-03-31,44409.19,7050.6,4820.79,30597.76,31525.6,2022-06-23,0,0,Sample Film 0133,365
TP100044,2023-03-31,126357.58,27386.59,19077.25,92496.43,89699.86,2023-07-07,0,0,Sample Film 0134,404
TP100044,2024-03-31,46803.24,8129.2,8471.75,32363.56,33225.11,2024-04-11,0,0,Sample Film 0135,200
TP100045,2022-03-31,101341.78,20787.92,7552.4,74340.75,71882.38,2022-06-10,0,0,Sample Film 0136,468
TP100045,2023-03-31,101840.4,19552.4,8415.93,70166.57,72236.05,2023-06-21,0,0,Sample Film 0137,112
TP100045,2024-03-31,84559.48,19815.77,12378.13,60796.04,59978.59,2024-04-26,1,0,Sample Film 0138,323
TP100046,2022-03-31,57703.53,11405.53,0.0,40333.06,39220.03,2022-05-28,1,0,Sample Film 0139,0
TP100046,2023-03-31,51132.29,10198.25,1777.59,36478.62,34753.68,2023-04-20,0,0,Sample Film 0140,345
TP100046,2024-03-31,52518.73,9987.05,0.0,34243.16,35696.02,2024-06-21,0,0,Sample Film 0141,0
TP100047,2022-03-31,69138.17,11148.97,16210.02,52952.78,52962.02,2022-06-17,0,0,Sample Film 0142,0
TP100047,2023-03-31,58717.31,9306.42,5856.4,37439.3,44979.31,2023-06-29,0,0,Sample Film 0143,374
TP100047,2024-03-31,68344.5,11585.19,14089.15,54133.05,52354.04,2024-06-19,0,0,Sample Film 0144,0
TP100048,2022-03-31,62888.23,11041.41,2343.09,44656.9,44733.08,2022-04-29,0,0,Sample Film 0145,49
TP100048,2023-03-31,69361.25,16172.79,2033.46,50577.63,49337.41,2023-04-12,0,0,Sample Film 0146,0
TP100048,2024-03-31,59416.92,9104.24,3402.05,43433.39,42263.9,2024-11-13,1,0,Sample Film 0147,110
TP100049,2022-03-31,88034.12,17701.21,12472.65,57796.73,60757.06,2022-06-10,0,0,Sample Film 0148,0
TP100049,2023-03-31,34679.23,6727.52,4683.78,23573.8,23933.99,2023-04-22,0,0,Sample Film 0149,0
TP100049,2024-03-31,84816.74,15715.97,10050.0,56088.14,58536.57,2024-04-12,0,0,Sample Film 0150,0
TP100050,2022-03-31,41565.74,6192.0,11237.79,30251.83,31670.82,2022-05-16,0,0,Sample Film 0151,0
TP100050,2023-03-31,48127.49,7925.97,10427.03,38029.44,36670.51,2023-05-07,0,0,Sample Film 0152,489
TP100050,2024-03-31,42185.88,7494.95,10648.56,33029.24,32143.33,2024-05-30,0,0,Sample Film 0153,0
TP100051,2022-03-31,64126.93,11673.39,15153.42,48239.81,47312.96,2022-04-25,0,0,Sample Film 0154,579
TP100051,2023-03-31,59058.04,9662.18,9914.61,44245.42,43573.12,2023-05-09,0,0,Sample Film 0155,0
TP100051,2024-03-31,66296.12,11774.9,14338.76,49734.75,48913.39,2024-04-13,0,0,Sample Film 0156,280
TP100052,2022-03-31,53182.44,9930.15,2466.9,41859.31,40565.03,2022-06-01,0,0,Sample Film 0157,0
TP100052,2023-03-31,58265.48,7070.03,8827.45,42992.25,44442.13,2023-05-14,0,0,Sample Film 0158,0
TP100052,2024-03-31,59955.36,10132.17,7484.46,45055.98,45731.09,2024-06-21,0,0,Sample Film 0159,78
TP100053,2022-03-31,55800.35,10518.29,1568.14,42774.47,41379.8,2022-06-10,0,0,Sample Film 0160,0
TP100053,2023-03-31,55099.68,11618.34,0.0,42376.95,40860.2,2023-06-05,0,0,Sample Film 0161,388
TP100053,2024-03-31,65234.39,11482.62,0.0,50139.39,48375.79,2024-03-11,0,0,Sample Film 0162,488
TP100054,2022-03-31,57670.16,11679.22,9545.41,40962.67,39490.64,2022-04-29,0,0,Sample Film 0163,0
TP100054,2023-03-31,99330.0,18153.15,4049.22,69672.08,68017.93,2024-03-15,0,0,Sample Film 0164,574
TP100054,2024-03-31,46818.83,10830.06,7387.99,33652.87,32060.0,2024-04-25,0,0,Sample Film 0165,0
TP100055,2022-03-31,150757.67,30091.0,28343.81,104833.33,106788.12,2022-06-28,0,0,Sample Film 0166,0
TP100055,2023-03-31,63365.06,14523.2,5749.66,44939.68,44884.19,2023-05-07,0,0,Sample Film 0167,0
TP100055,2024-03-31,65418.67,16271.36,3858.69,39510.13,46338.85,2024-09-23,0,0,Sample Film 0168,0
TP100056,2022-03-31,48917.7,6985.36,0.0,29114.02,35016.33,2022-10-01,0,0,Sample Film 0169,208
TP100056,2023-03-31,60578.84,13340.28,0.0,41689.08,43363.61,2023-05-09,0,0,Sample Film 0170,51
TP100056,2024-03-31,47702.88,10126.58,0.0,33842.9,34146.73,2024-03-31,0,0,Sample Film 0171,0
TP100057,2022-03-31,82835.55,12842.09,0.0,54072.57,56202.51,2022-11-10,0,0,Sample Film 0172,0
TP100057,2023-03-31,98689.41,21246.38,2027.5,72426.8,66959.08,2023-05-21,0,0,Sample Film 0173,478
TP100057,2024-03-31,81485.49,11871.48,9181.08,52700.24,55286.52,2024-05-11,1,1,Sample Film 0174,0
TP100058,2022-03-31,23776.35,5197.98,5436.3,17019.19,17355.34,2022-04-22,0,0,Sample Film 0175,287
TP100058,2023-03-31,22012.88,4285.04,3881.02,16230.51,16068.11,2023-03-24,0,0,Sample Film 0176,0
TP100058,2024-03-31,25108.9,4210.15,2219.93,19931.6,18328.01,2024-05-02,0,0,Sample Film 0177,0
TP100059,2022-03-31,38357.05,6873.88,6223.46,27975.78,29018.85,2022-04-30,0,0,Sample Film 0178,31
TP100059,2023-03-31,70184.54,12088.31,16014.35,55222.15,53097.79,2023-06-04,0,0,Sample Film 0179,0
TP100059,2024-03-31,47700.38,6382.79,3526.43,36236.93,36087.51,2024-05-20,0,0,Sample Film 0180,0
TP100060,2022-03-31,42726.2,6894.92,3243.86,28961.46,28730.28,2022-05-29,0,0,Sample Film 0181,0
TP100060,2023-03-31,27106.07,6777.19,3467.25,17682.46,18226.87,2023-07-12,1,0,Sample Film 0182,1349
TP100060,2024-03-31,27318.76,3685.6,2353.8,17691.4,18369.89,2024-07-07,0,0,Sample Film 0183,0
TP100061,2022-03-31,102754.85,13030.24,18696.36,69691.61,71823.16,2022-04-27,0,0,Sample Film 0184,789
TP100061,2023-03-31,106012.2,22879.41,10814.32,74644.81,74099.96,2023-06-18,1,0,Sample Film 0185,3
TP100061,2024-03-31,92940.02,18557.99,11951.33,64060.23,64962.82,2024-06-17,0,0,Sample Film 0186,566
TP100062,2022-03-31,90517.55,14435.85,4221.87,69167.67,60528.88,2022-06-09,0,0,Sample Film 0187,301
TP100062,2023-03-31,114634.33,18591.95,10431.1,76086.68,76655.72,2023-12-26,0,1,Sample Film 0188,19
TP100062,2024-03-31,120417.0,19693.82,0.0,80552.74,80522.57,2024-05-21,0,0,Sample Film 0189,0
TP100063,2022-03-31,39725.77,6818.86,6964.48,26194.35,26932.22,2022-05-17,0,0,Sample Film 0190,51
TP100063,2023-03-31,45657.53,4082.45,6978.23,31339.93,30953.68,2023-05-21,0,0,Sample Film 0191,0
TP100063,2024-03-31,41533.9,6036.17,6101.72,27514.38,28158.04,2024-03-21,0,0,Sample Film 0192,27
TP100064,2022-03-31,82792.55,14879.56,9366.24,57145.36,57955.38,2022-06-17,0,0,Sample Film 0193,596
TP100064,2023-03-31,44568.32,7134.87,7825.07,34698.94,31198.15,2023-05-11,0,1,Sample Film 0194,755
TP100064,2024-03-31,42224.02,8773.58,6993.43,30889.47,29557.12,2024-05-17,0,0,Sample Film 0195,143
TP100065,2022-03-31,51936.59,7098.92,0.0,35070.69,35537.27,2022-04-29,0,0,Sample Film 0196,0
TP100065,2023-03-31,47443.47,8012.36,9404.15,31540.09,32462.88,2023-06-13,0,0,Sample Film 0197,848
TP100065,2024-03-31,49057.98,7079.93,8593.06,32557.94,33567.6,2024-05-05,1,1,Sample Film 0198,350
TP100066,2022-03-31,43813.84,6396.19,0.0,28600.15,28330.64,2022-11-28,0,1,Sample Film 0199,1052
TP100066,2023-03-31,27086.02,5051.26,3463.62,16668.17,17514.19,2023-05-15,0,1,Sample Film 0200,0
TP100066,2024-03-31,27087.67,4409.66,0.0,16641.87,17515.26,2024-05-22,0,0,Sample Film 0201,362
TP100067,2022-03-31,140553.22,32347.55,2048.82,90141.54,94311.58,2022-12-02,0,1,Sample Film 0202,166
TP100067,2023-03-31,87077.08,16701.22,7889.58,60246.81,58428.95,2023-04-06,0,0,Sample Film 0203,876
TP100067,2024-03-31,78713.72,16499.97,1271.8,50504.79,52817.11,2024-04-19,0,0,Sample Film 0204,1123
TP100068,2022-03-31,65512.39,12233.7,8389.94,42607.37,44643.56,2022-03-20,0,0,Sample Film 0205,289
TP100068,2023-03-31,54533.85,10423.21,0.0,37509.9,37162.21,2024-01-15,0,0,Sample Film 0206,328
TP100068,2024-03-31,68268.9,11098.18,2729.28,44948.02,46521.99,2024-05-15,0,0,Sample Film 0207,428
TP100069,2022-03-31,31351.96,6225.08,3173.88,20903.29,20626.15,2022-04-24,0,0,Sample Film 0208,0
TP100069,2023-03-31,26932.45,6544.36,2673.22,17344.53,17718.6,2023-06-06,1,0,Sample Film 0209,0
TP100069,2024-03-31,30350.52,5688.46,3615.6,20121.31,19967.32,2024-06-19,0,0,Sample Film 0210,0
TP100070,2022-03-31,28156.73,4262.42,3271.43,19884.76,19723.77,2022-06-04,0,0,Sample Film 0211,836
TP100070,2023-03-31,36539.88,6691.57,7567.07,25589.87,25596.17,2023-05-02,0,0,Sample Film 0212,0
TP100070,2024-03-31,28472.66,4248.5,180.16,20614.89,19945.09,2024-05-20,0,0,Sample Film 0213,368
TP100071,2022-03-31,106251.78,21325.49,0.0,100512.89,78290.4,2022-04-23,0,1,Sample Film 0214,0
TP100071,2023-03-31,123912.27,24829.69,5951.98,94484.57,91303.33,2023-03-25,0,0,Sample Film 0215,0
TP100071,2024-03-31,104481.64,23382.15,2034.09,73740.79,76986.09,2024-07-08,0,0,Sample Film 0216,296
TP100072,2022-03-31,73002.5,10954.62,9098.26,56118.26,53789.57,2022-08-16,0,0,Sample Film 0217,0
TP100072,2023-03-31,88580.12,20715.02,329.01,63278.35,65267.44,2023-06-04,0,0,Sample Film 0218,617
TP100072,2024-03-31,82793.27,17231.5,0.0,62433.78,61003.58,2024-05-03,1,0,Sample Film 0219,0
TP100073,2022-03-31,43348.97,10168.66,4840.22,31308.97,32346.46,2022-05-22,0,0,Sample Film 0220,736
TP100073,2023-03-31,47227.37,9483.46,4253.28,36286.0,35240.48,2023-06-04,0,0,Sample Film 0221,0
TP100073,2024-03-31,86778.88,10996.01,11289.33,63801.18,64753.32,2024-03-31,0,1,Sample Film 0222,643
TP100074,2022-03-31,36513.17,5852.22,6340.58,28354.63,27876.6,2022-05-10,0,0,Sample Film 0223,796
TP100074,2023-03-31,39289.43,6488.91,6435.15,30332.76,29996.19,2023-05-13,0,0,Sample Film 0224,0
TP100074,2024-03-31,41139.27,6264.4,3751.33,30482.97,31408.48,2024-03-27,0,0,Sample Film 0225,515
TP100075,2022-03-31,66747.03,12409.6,1553.65,47835.99,47136.0,2022-06-19,0,0,Sample Film 0226,573
TP100075,2023-03-31,34934.43,6866.16,2827.68,24886.38,24670.3,2023-06-15,1,0,Sample Film 0227,619
TP100075,2024-03-31,31007.56,5479.25,2753.08,21215.18,21897.19,2024-04-19,0,0,Sample Film 0228,0
TP100076,2022-03-31,44403.14,9832.79,0.0,35077.14,33801.25,2022-05-22,1,0,Sample Film 0229,0
TP100076,2023-03-31,41811.52,6659.9,4386.94,32378.63,31828.41,2024-02-20,0,0,Sample Film 0230,291
TP100076,2024-03-31,43800.49,8504.31,3964.91,33414.0,33342.48,2024-12-07,0,0,Sample Film 0231,580
TP100077,2022-03-31,212062.53,51794.47,21839.71,149451.26,146442.44,2022-03-28,0,0,Sample Film 0232,0
TP100077,2023-03-31,183070.57,30826.53,25308.9,126454.94,126421.68,2023-05-14,0,0,Sample Film 0233,0
TP100077,2024-03-31,204318.9,32491.38,23680.43,135034.84,141094.98,2024-05-31,0,0,Sample Film 0234,0
TP100078,2022-03-31,51274.84,7959.79,94.06,34926.96,33944.96,2022-04-05,0,0,Sample Film 0235,0
TP100078,2023-03-31,57447.62,10905.65,7044.92,36867.17,38031.46,2023-03-12,0,0,Sample Film 0236,144
TP100078,2024-03-31,52416.24,9693.84,4878.37,35373.6,34700.59,2024-04-17,0,0,Sample Film 0237,540
TP100079,2022-03-31,83551.17,15304.28,801.09,58207.57,59728.54,2022-05-10,0,0,Sample Film 0238,0
TP100079,2023-03-31,96388.95,12763.87,0.0,70259.45,68905.93,2023-04-18,0,0,Sample Film 0239,363
TP100079,2024-03-31,95695.95,17948.26,3837.87,67296.85,68410.53,2024-05-28,0,0,Sample Film 0240,0
TP100080,2022-03-31,53139.56,9485.09,8428.47,37331.48,36640.33,2022-04-11,1,0,Sample Film 0241,193
TP100080,2023-03-31,67315.84,15668.34,0.0,46188.96,46415.03,2023-05-09,0,0,Sample Film 0242,22
TP100080,2024-03-31,66587.35,14030.06,1693.27,56307.84,45912.73,2024-05-16,0,0,Sample Film 0243,0
TP100081,2022-03-31,67724.58,10000.47,3442.11,49953.18,50598.14,2022-05-09,0,0,Sample Film 0244,0
TP100081,2023-03-31,56730.68,11320.36,1609.83,40287.71,42384.41,2023-06-01,1,0,Sample Film 0245,390
TP100081,2024-03-31,72174.5,14617.78,8405.77,51983.27,53922.74,2024-06-16,0,0,Sample Film 0246,835
TP100082,2022-03-31,72655.94,13756.62,9640.79,49596.5,51360.86,2022-06-12,0,0,Sample Film 0247,0
TP100082,2023-03-31,63505.47,10188.65,10522.32,43491.35,44892.35,2024-01-10,0,0,Sample Film 0248,318
TP100082,2024-03-31,73452.32,15492.37,9407.39,51012.63,51923.83,2024-05-13,0,0,Sample Film 0249,0
TP100083,2022-03-31,92106.83,14653.91,15797.25,67723.46,60501.45,2022-09-27,1,0,Sample Film 0250,0
TP100083,2023-03-31,86478.24,15813.44,11176.13,59064.59,56804.24,2023-05-05,0,0,Sample Film 0251,452
TP100083,2024-03-31,78614.39,12482.49,11688.15,67096.11,51638.78,2024-06-18,0,0,Sample Film 0252,0
TP100084,2022-03-31,36728.86,6463.0,5211.25,24413.59,25659.67,2022-04-05,0,0,Sample Film 0253,230
TP100084,2023-03-31,39951.23,8498.8,6771.47,28627.45,27910.9,2023-07-06,0,0,Sample Film 0254,0
TP100084,2024-03-31,40650.32,6642.43,4316.19,29806.86,28399.3,2024-03-13,0,0,Sample Film 0255,353
TP100085,2022-03-31,98174.85,19315.78,8705.58,66480.68,66478.29,2022-06-17,0,0,Sample Film 0256,637
TP100085,2023-03-31,95987.31,18898.6,5058.73,66087.41,64997.02,2024-01-19,0,0,Sample Film 0257,267
TP100085,2024-03-31,101678.06,18434.78,12669.07,68174.95,68850.46,2024-05-22,0,0,Sample Film 0258,0
TP100086,2022-03-31,27964.37,4908.58,4816.65,19466.66,18784.78,2022-06-07,0,0,Sample Film 0259,0
TP100086,2023-03-31,21557.73,4524.54,3628.24,14430.52,14481.19,2023-06-08,1,0,Sample Film 0260,0
TP100086,2024-03-31,27750.35,4831.5,3394.73,18136.53,18641.02,2024-05-09,0,0,Sample Film 0261,0
TP100087,2022-03-31,42227.45,6625.49,0.0,26793.46,28019.11,2022-06-01,0,0,Sample Film 0262,0
TP100087,2023-03-31,41558.45,5089.12,1343.78,28412.96,27575.22,2023-05-22,0,0,Sample Film 0263,0
TP100087,2024-03-31,47331.71,8405.26,0.0,32418.41,31405.94,2024-05-11,0,0,Sample Film 0264,0
TP100088,2022-03-31,116063.52,23697.47,8689.27,81484.77,79562.21,2022-04-30,0,0,Sample Film 0265,0
TP100088,2023-03-31,99890.67,21084.4,21199.7,66396.84,68475.63,2023-05-06,0,0,Sample Film 0266,1051
TP100088,2024-03-31,96781.49,22141.55,2830.93,63963.99,66344.27,2024-06-09,0,0,Sample Film 0267,0
TP100089,2022-03-31,47779.96,7016.68,3995.06,35876.84,34839.56,2022-04-23,0,0,Sample Film 0268,0
TP100089,2023-03-31,44046.75,7026.7,1706.6,31313.42,32117.42,2023-05-23,0,0,Sample Film 0269,231
TP100089,2024-03-31,40007.21,7164.02,1084.29,27830.19,29171.92,2024-04-16,0,0,Sample Film 0270,0
TP100090,2022-03-31,136512.06,19600.64,20244.01,90867.89,95344.66,2022-05-04,0,0,Sample Film 0271,1341
TP100090,2023-03-31,132706.11,24768.9,0.0,89541.42,92686.46,2024-01-21,0,0,Sample Film 0272,257
TP100090,2024-03-31,127869.86,19589.05,8594.25,85963.93,89308.66,2024-06-21,0,0,Sample Film 0273,470
TP100091,2022-03-31,343343.95,54397.71,36137.18,227143.62,238343.27,2022-05-17,0,0,Sample Film 0274,469
TP100091,2023-03-31,142630.74,27091.32,13502.92,96849.47,99011.73,2023-06-13,0,0,Sample Film 0275,661
TP100091,2024-03-31,131829.59,17245.35,6377.5,94575.55,91513.76,2024-10-17,0,0,Sample Film 0276,36
TP100092,2022-03-31,67188.26,8807.43,1567.74,48071.16,46592.28,2022-06-29,1,0,Sample Film 0277,0
TP100092,2023-03-31,69894.64,16244.97,0.0,47362.17,48469.04,2023-06-01,0,0,Sample Film 0278,0
TP100092,2024-03-31,139004.91,17161.05,0.0,97320.33,96394.16,2024-03-21,0,0,Sample Film 0279,200
TP100093,2022-03-31,40839.84,7674.65,9262.6,28468.88,27378.17,2022-12-20,0,1,Sample Film 0280,0
TP100093,2023-03-31,35767.81,8065.35,6913.61,26261.43,23977.99,2023-04-16,0,0,Sample Film 0281,74
TP100093,2024-03-31,39616.08,7052.48,7357.42,25363.61,26557.78,2024-05-18,0,0,Sample Film 0282,0
TP100094,2022-03-31,75826.27,12577.02,0.0,54990.4,55951.76,2022-04-03,0,0,Sample Film 0283,0
TP100094,2023-03-31,73619.31,6996.44,3449.59,54101.21,54323.26,2023-05-28,0,1,Sample Film 0284,241
TP100094,2024-03-31,74232.13,17720.34,3363.48,55116.1,54775.46,2024-04-15,1,0,Sample Film 0285,0
TP100095,2022-03-31,108223.48,23243.4,9975.91,78470.51,77602.68,2022-04-03,0,0,Sample Film 0286,0
TP100095,2023-03-31,56559.65,9899.87,4243.24,39164.78,40556.63,2023-04-09,0,0,Sample Film 0287,0
TP100095,2024-03-31,57747.48,10784.8,8294.14,41007.59,41408.38,2024-05-21,0,0,Sample Film 0288,873
TP100096,2022-03-31,50507.48,10992.67,7591.94,36849.93,35623.72,2022-05-08,0,0,Sample Film 0289,386
TP100096,2023-03-31,77144.45,9802.14,14586.71,55342.13,54411.19,2023-04-24,0,0,Sample Film 0290,750
TP100096,2024-03-31,44233.46,7332.56,8677.52,30014.22,31198.55,2024-06-16,0,0,Sample Film 0291,0
TP100097,2022-03-31,71844.32,16156.57,0.0,51239.31,53462.68,2022-12-14,0,1,Sample Film 0292,0
TP100097,2023-03-31,68323.49,11532.33,0.0,53010.91,50842.66,2023-12-06,0,1,Sample Film 0293,15
TP100097,2024-03-31,68026.83,10863.88,3416.96,53305.43,50621.9,2024-05-25,0,0,Sample Film 0294,30
TP100098,2022-03-31,174271.0,20247.36,9946.88,131189.25,127154.57,2022-06-03,0,0,Sample Film 0295,0
TP100098,2023-03-31,157793.5,25515.1,13581.45,113225.4,115131.97,2023-04-25,0,0,Sample Film 0296,283
TP100098,2024-03-31,67989.65,9818.92,4328.45,49153.63,49607.76,2024-04-24,1,0,Sample Film 0297,19
TP100099,2022-03-31,54263.73,9258.72,8506.42,35505.91,35823.65,2022-06-06,0,0,Sample Film 0298,0
TP100099,2023-03-31,43616.91,6830.15,8408.83,28134.44,28794.87,2023-06-10,0,0,Sample Film 0299,958
TP100099,2024-03-31,47335.33,5913.03,4119.83,32345.22,31249.69,2024-06-11,0,1,Sample Film 0300,318
TP100100,2022-03-31,32760.44,6712.8,3641.98,22435.45,22046.37,2022-05-28,0,0,Sample Film 0301,400
TP100100,2023-03-31,40188.44,9382.15,4123.16,27384.04,27045.09,2023-04-13,0,1,Sample Film 0302,576
TP100100,2024-03-31,35421.24,6721.65,3723.4,23754.34,23836.97,2024-09-24,0,0,Sample Film 0303,73
TP100101,2022-03-31,54810.14,10169.55,4542.28,38731.67,38730.59,2022-03-26,0,0,Sample Film 0304,584
TP100101,2023-03-31,49003.83,11616.2,2362.88,35639.46,34627.67,2023-06-19,0,1,Sample Film 0305,629
TP100101,2024-03-31,47821.13,10310.33,5154.83,32157.23,33791.93,2024-04-17,0,0,Sample Film 0306,634
TP100102,2022-03-31,36252.5,5810.96,1793.82,27985.3,27324.6,2022-04-22,0,0,Sample Film 0307,340
TP100102,2023-03-31,39467.58,10379.16,1431.96,28543.01,29747.9,2023-06-29,0,0,Sample Film 0308,748
TP100102,2024-03-31,41957.68,4420.9,3619.24,31317.07,31624.77,2024-06-14,0,0,Sample Film 0309,0
TP100103,2022-03-31,51994.46,10188.84,6702.83,35324.49,34529.45,2022-09-27,0,0,Sample Film 0310,276
TP100103,2023-03-31,44573.8,7951.2,2750.92,29723.87,29601.4,2023-05-20,0,0,Sample Film 0311,0
TP100103,2024-03-31,42298.21,10114.6,4646.79,27550.21,28090.18,2024-06-09,0,0,Sample Film 0312,161
TP100104,2022-03-31,122589.28,21518.21,8360.29,71114.64,79952.26,2023-01-19,0,0,Sample Film 0313,734
TP100104,2023-03-31,118890.37,17209.95,7946.65,74596.8,77539.84,2023-05-10,0,0,Sample Film 0314,0
TP100104,2024-03-31,108321.0,18959.54,0.0,67927.68,70646.54,2024-04-24,0,0,Sample Film 0315,900
TP100105,2022-03-31,38763.34,7443.12,3111.12,27313.67,27375.49,2022-06-27,0,0,Sample Film 0316,942
TP100105,2023-03-31,30773.64,4763.4,3309.03,22415.85,21733.0,2023-06-13,0,0,Sample Film 0317,158
TP100105,2024-03-31,29917.19,6158.43,2413.09,20697.83,21128.16,2024-05-12,0,0,Sample Film 0318,0
TP100106,2022-03-31,120002.97,18607.89,9662.74,80661.12,83809.46,2022-06-10,0,1,Sample Film 0319,399
TP100106,2023-03-31,109766.64,17079.04,16460.7,76516.94,76660.46,2023-05-18,0,0,Sample Film 0320,0
TP100106,2024-03-31,105331.84,17686.03,12896.79,72704.11,73563.22,2024-04-27,0,0,Sample Film 0321,268
TP100107,2022-03-31,113874.67,22091.27,20490.58,89133.57,85230.48,2022-07-22,0,0,Sample Film 0322,558
TP100107,2023-03-31,95079.4,21108.77,13343.41,69218.63,71163.0,2023-04-27,0,0,Sample Film 0323,212
TP100107,2024-03-31,105830.6,18644.22,8953.06,79077.5,79209.83,2024-06-16,0,0,Sample Film 0324,0
TP100108,2022-03-31,72582.48,13450.23,12226.94,67666.48,53382.31,2022-06-01,0,0,Sample Film 0325,0
TP100108,2023-03-31,67311.16,12357.52,7549.81,34778.16,49505.4,2023-03-13,0,0,Sample Film 0326,0
TP100108,2024-03-31,106677.96,10871.11,14911.64,77620.19,78458.54,2024-06-03,0,0,Sample Film 0327,354
TP100109,2022-03-31,39941.45,6114.05,0.0,33215.78,31656.65,2022-05-30,0,0,Sample Film 0328,0
TP100109,2023-03-31,52386.58,10215.76,163.44,42478.95,41520.36,2023-07-05,0,0,Sample Film 0329,0
TP100109,2024-03-31,83630.05,18263.6,0.0,66413.19,66283.19,2024-04-16,0,0,Sample Film 0330,898
TP100110,2022-03-31,122002.27,20052.05,0.0,74580.49,74183.81,2022-05-22,0,0,Sample Film 0331,724
TP100110,2023-03-31,125603.92,20257.03,13865.14,77214.74,76373.81,2023-05-24,0,0,Sample Film 0332,0
TP100110,2024-03-31,111123.32,14775.42,4608.96,69154.05,67568.83,2024-12-19,0,1,Sample Film 0333,54
TP100111,2022-03-31,31469.83,5628.56,4566.9,29651.65,24364.56,2022-06-12,0,0,Sample Film 0334,123
TP100111,2023-03-31,35143.95,4986.86,5516.81,26389.18,27209.14,2023-04-20,0,0,Sample Film 0335,0
TP100111,2024-03-31,27344.14,3700.36,4028.78,20959.33,21170.37,2024-06-24,0,1,Sample Film 0336,618
TP100112,2022-03-31,217680.83,46669.3,0.0,154669.18,161970.47,2022-06-14,0,0,Sample Film 0337,0
TP100112,2023-03-31,189441.75,30012.63,0.0,144623.52,140958.52,2023-06-06,0,0,Sample Film 0338,469
TP100112,2024-03-31,204547.59,37969.38,0.0,155688.43,152198.37,2024-05-06,0,0,Sample Film 0339,0
TP100113,2022-03-31,59554.9,9231.08,7896.93,45052.44,43281.15,2022-06-24,0,0,Sample Film 0340,0
TP100113,2023-03-31,59028.09,9745.07,9172.06,41221.02,42898.29,2023-04-20,0,0,Sample Film 0341,0
TP100113,2024-03-31,67864.88,11065.41,12600.72,51515.25,49320.38,2024-04-10,0,0,Sample Film 0342,682
TP100114,2022-03-31,56797.28,10755.78,6999.29,41763.67,40500.28,2022-04-07,0,0,Sample Film 0343,571
TP100114,2023-03-31,55606.88,11464.44,2969.95,39189.1,39651.44,2023-07-08,0,0,Sample Film 0344,0
TP100114,2024-03-31,51575.12,9610.92,6568.9,37546.58,36776.52,2024-05-10,0,0,Sample Film 0345,660
TP100115,2022-03-31,236843.59,50200.22,45166.45,166540.99,170832.44,2022-05-10,0,1,Sample Film 0346,390
TP100115,2023-03-31,255098.97,34928.84,13336.57,184377.83,183999.83,2023-06-14,0,1,Sample Film 0347,176
TP100115,2024-03-31,93968.4,17519.92,8455.43,67203.15,67778.28,2024-06-25,0,0,Sample Film 0348,0
TP100116,2022-03-31,31098.33,4825.03,1233.32,21691.85,22702.73,2022-05-11,0,0,Sample Film 0349,0
TP100116,2023-03-31,85436.21,16714.6,0.0,61428.19,62371.04,2023-05-09,0,1,Sample Film 0350,0
TP100116,2024-03-31,30229.46,5739.77,0.0,21718.08,22068.43,2024-05-01,0,0,Sample Film 0351,599
TP100117,2022-03-31,69587.77,10828.52,10788.33,51051.77,48657.18,2022-10-24,0,0,Sample Film 0352,721
TP100117,2023-03-31,66684.71,10438.82,5060.22,37874.17,46627.3,2023-03-23,0,0,Sample Film 0353,302
TP100117,2024-03-31,60590.37,9593.39,5954.13,40502.87,42366.02,2024-04-13,0,0,Sample Film 0354,0
TP100118,2022-03-31,145267.35,31827.83,6622.98,97613.08,102607.73,2022-05-21,0,0,Sample Film 0355,0
TP100118,2023-03-31,67890.54,10405.81,0.0,46359.48,47953.62,2023-05-19,0,0,Sample Film 0356,395
TP100118,2024-03-31,71124.99,14532.54,3179.67,47926.32,50238.23,2024-04-22,0,1,Sample Film 0357,4
TP100119,2022-03-31,65654.97,11030.23,6144.04,42725.81,43237.67,2022-04-24,0,0,Sample Film 0358,651
TP100119,2023-03-31,82793.02,15595.7,10200.67,52174.3,54524.08,2023-04-07,0,0,Sample Film 0359,0
TP100119,2024-03-31,80513.76,12154.25,5201.24,51631.11,53023.05,2024-06-13,0,0,Sample Film 0360,0
TP100120,2022-03-31,41432.82,7277.58,4569.43,29574.3,31048.0,2022-06-08,0,0,Sample Film 0361,112
TP100120,2023-03-31,41020.6,6672.72,4269.63,38316.15,30739.1,2023-11-14,0,1,Sample Film 0362,277
TP100120,2024-03-31,42783.3,7427.0,6103.41,32233.09,32059.98,2024-07-03,0,0,Sample Film 0363,0
TP100121,2022-03-31,29447.0,5088.15,1047.4,20972.15,20472.81,2022-05-10,0,0,Sample Film 0364,422
TP100121,2023-03-31,27337.42,5038.05,4416.16,19598.76,19006.14,2023-04-21,0,0,Sample Film 0365,0
TP100121,2024-03-31,29668.28,6038.78,4454.35,20410.18,20626.65,2024-05-11,0,0,Sample Film 0366,0
TP100122,2022-03-31,105846.41,16712.82,8481.77,74097.41,76263.04,2022-04-19,0,0,Sample Film 0367,62
TP100122,2023-03-31,117032.01,22990.89,0.0,81147.18,84322.34,2023-06-09,1,0,Sample Film 0368,493
TP100122,2024-03-31,104071.97,15025.5,6581.08,77007.23,74984.55,2024-06-29,0,0,Sample Film 0369,728
TP100123,2022-03-31,29767.78,6398.21,4347.21,21013.91,20264.83,2022-05-17,0,0,Sample Film 0370,0
TP100123,2023-03-31,32654.81,8017.5,5842.78,21589.42,22230.22,2023-05-12,0,0,Sample Film 0371,0
TP100123,2024-03-31,34928.85,6636.38,5549.93,23205.01,23778.3,2024-05-03,0,0,Sample Film 0372,0
TP100124,2022-03-31,55313.23,10100.25,3882.91,40048.74,39392.13,2022-06-27,0,0,Sample Film 0373,1631
TP100124,2023-03-31,44635.54,6529.96,838.75,30571.89,31787.85,2023-05-30,0,0,Sample Film 0374,266
TP100124,2024-03-31,55313.84,7131.95,0.0,37567.55,39392.56,2024-05-15,0,0,Sample Film 0375,877
TP100125,2022-03-31,71350.6,11215.42,15212.06,52604.42,50887.12,2022-04-23,0,0,Sample Film 0376,0
TP100125,2023-03-31,63514.17,11281.89,12104.66,44221.94,45298.19,2023-04-29,0,0,Sample Film 0377,19
TP100125,2024-03-31,67737.4,11631.22,12107.14,56037.77,48310.19,2024-05-23,0,0,Sample Film 0378,575
TP100126,2022-03-31,37961.61,7922.63,0.0,25779.14,25497.74,2022-04-24,0,0,Sample Film 0379,504
TP100126,2023-03-31,29627.15,4963.94,2029.52,22086.07,19899.72,2023-03-28,0,0,Sample Film 0380,140
TP100126,2024-03-31,37509.01,5614.85,1406.4,24264.82,25193.74,2024-05-23,0,0,Sample Film 0381,132
TP100127,2022-03-31,68929.49,13571.81,0.0,41973.64,46861.15,2022-04-09,0,0,Sample Film 0382,16
TP100127,2023-03-31,75075.39,17294.38,0.0,36781.99,51039.4,2023-06-23,0,0,Sample Film 0383,0
TP100127,2024-03-31,67133.35,11721.85,4187.44,46787.56,45640.07,2024-05-20,0,0,Sample Film 0384,275
TP100128,2022-03-31,96483.09,15659.51,0.0,72907.93,69549.08,2022-04-21,0,0,Sample Film 0385,65
TP100128,2023-03-31,123316.63,23096.43,1799.21,87947.4,88891.83,2023-04-12,0,0,Sample Film 0386,0
TP100128,2024-03-31,110154.44,22306.11,2826.84,75889.49,79403.97,2024-04-13,0,0,Sample Film 0387,263
TP100129,2022-03-31,34670.02,5947.5,6580.25,24565.78,23442.79,2022-05-16,0,0,Sample Film 0388,0
TP100129,2023-03-31,38406.36,5163.07,2048.41,27181.19,25969.2,2023-04-29,0,0,Sample Film 0389,160
TP100129,2024-03-31,33761.47,5824.05,6779.69,22960.16,22828.47,2024-03-21,0,0,Sample Film 0390,89
TP100130,2022-03-31,47383.07,7516.89,3007.5,34257.64,34803.97,2022-04-16,0,0,Sample Film 0391,954
TP100130,2023-03-31,101984.37,17308.14,4626.3,53418.84,74909.89,2023-04-27,0,0,Sample Film 0392,1276
TP100130,2024-03-31,90114.68,14284.86,9684.69,66426.58,66191.32,2024-05-22,0,0,Sample Film 0393,638
TP100131,2022-03-31,25552.17,3336.96,3341.55,18213.55,18388.3,2022-04-21,0,0,Sample Film 0394,100
TP100131,2023-03-31,25862.24,4456.32,1904.54,19439.09,18611.43,2023-06-07,1,0,Sample Film 0395,0
TP100131,2024-03-31,24013.73,4091.61,2444.17,17194.67,17281.18,2024-06-16,0,0,Sample Film 0396,475
TP100132,2022-03-31,16624.92,3580.27,3918.16,12204.62,11634.21,2022-05-27,0,0,Sample Film 0397,0
TP100132,2023-03-31,17736.0,3460.91,2447.53,12506.69,12411.75,2023-06-29,0,0,Sample Film 0398,0
TP100132,2024-03-31,15439.82,2445.12,2322.97,11309.42,10804.87,2024-07-19,0,0,Sample Film 0399,120
TP100133,2022-03-31,30448.03,3415.09,4155.21,21413.81,21976.42,2022-04-22,0,0,Sample Film 0400,0
TP100133,2023-03-31,34960.88,5116.97,7972.8,24102.32,25233.65,2023-05-11,0,0,Sample Film 0401,0
TP100133,2024-03-31,31486.72,4419.86,2373.92,23824.56,22726.11,2024-06-07,0,0,Sample Film 0402,0
TP100134,2022-03-31,52509.61,10405.73,1842.12,41322.2,39530.27,2022-10-10,0,1,Sample Film 0403,459
TP100134,2023-03-31,43895.5,10779.48,3867.39,32111.7,33045.39,2023-04-04,0,0,Sample Film 0404,0
TP100134,2024-03-31,44296.19,8946.0,8236.04,34497.06,33347.04,2024-05-15,0,0,Sample Film 0405,0
TP100135,2022-03-31,58215.69,9147.11,8780.18,39697.12,40532.43,2022-07-04,0,0,Sample Film 0406,0
TP100135,2023-03-31,56834.12,10949.85,10051.14,39469.35,39570.52,2023-06-09,0,0,Sample Film 0407,0
TP100135,2024-03-31,47614.65,8502.97,947.41,32096.5,33151.5,2024-03-15,0,0,Sample Film 0408,71
TP100136,2022-03-31,39160.9,7732.45,6565.4,28717.13,28302.76,2022-05-28,0,0,Sample Film 0409,87
TP100136,2023-03-31,41535.15,7072.69,2545.66,30904.29,30018.7,2023-05-19,0,0,Sample Film 0410,0
TP100136,2024-03-31,49179.78,11865.22,6746.24,27277.6,35543.7,2024-11-30,0,0,Sample Film 0411,0
TP100137,2022-03-31,25850.48,3953.03,5259.45,18136.79,18429.89,2023-01-24,0,0,Sample Film 0412,0
TP100137,2023-03-31,33424.39,7350.41,7425.67,24187.55,23829.66,2023-04-28,0,0,Sample Film 0413,0
TP100137,2024-03-31,25346.76,3757.58,791.0,18325.73,18070.77,2025-03-13,0,0,Sample Film 0414,0
TP100138,2022-03-31,112191.58,23378.04,7092.28,88355.47,83463.71,2022-04-19,0,0,Sample Film 0415,0
TP100138,2023-03-31,130204.61,14724.31,2914.25,100517.25,96864.3,2023-03-31,0,0,Sample Film 0416,23
TP100138,2024-03-31,104199.76,22441.34,7266.32,75101.51,77518.28,2024-06-28,1,1,Sample Film 0417,679
TP100139,2022-03-31,65835.24,14012.38,1274.18,42600.62,44717.51,2022-06-06,0,0,Sample Film 0418,765
TP100139,2023-03-31,66371.54,13639.51,8340.97,45660.39,45081.78,2023-05-24,0,0,Sample Film 0419,708
TP100139,2024-03-31,60199.27,11987.58,7662.27,41463.65,40889.37,2024-12-30,0,0,Sample Film 0420,19
TP100140,2022-03-31,40954.15,7357.34,2764.41,28849.44,29906.28,2022-07-02,0,0,Sample Film 0421,276
TP100140,2023-03-31,43226.65,6635.77,0.0,30909.97,31565.75,2023-04-09,0,0,Sample Film 0422,0
TP100140,2024-03-31,51291.47,9867.96,4204.35,36214.29,37454.99,2024-04-22,0,0,Sample Film 0423,126
TP100141,2022-03-31,109575.78,24189.67,5789.49,70411.98,73114.89,2022-09-07,0,0,Sample Film 0424,380
TP100141,2023-03-31,75798.97,18129.92,6920.69,51228.27,50577.17,2023-06-13,0,0,Sample Film 0425,20
TP100141,2024-03-31,76580.1,15490.15,2960.97,52532.72,51098.39,2024-05-08,0,0,Sample Film 0426,459
TP100142,2022-03-31,94611.13,16704.4,5199.35,67553.35,66665.51,2022-05-07,0,0,Sample Film 0427,819
TP100142,2023-03-31,94065.26,12907.29,735.45,63679.02,66280.88,2024-04-13,0,0,Sample Film 0428,0
TP100142,2024-03-31,114935.67,17780.31,15393.8,84853.34,80986.72,2024-05-15,0,0,Sample Film 0429,0
TP100143,2022-03-31,121964.6,17647.2,20561.65,94742.32,90349.72,2022-09-05,0,0,Sample Film 0430,537
TP100143,2023-03-31,51504.87,8979.99,7067.26,39038.8,38154.11,2023-05-01,1,0,Sample Film 0431,0
TP100143,2024-03-31,59230.13,13052.04,4272.84,45177.35,43876.88,2024-06-11,0,0,Sample Film 0432,173
TP100144,2022-03-31,37136.11,7229.57,3368.55,26721.14,25546.65,2022-03-16,0,0,Sample Film 0433,758
TP100144,2023-03-31,63170.32,10399.65,9135.54,41440.24,43456.08,2023-02-19,0,0,Sample Film 0434,0
TP100144,2024-03-31,31671.12,6434.11,3778.72,21603.35,21787.17,2024-04-05,0,0,Sample Film 0435,0
TP100145,2022-03-31,182179.44,21766.77,0.0,124734.93,119744.5,2022-05-08,0,0,Sample Film 0436,876
TP100145,2023-03-31,156881.2,29565.45,18437.36,107779.83,103116.25,2023-07-20,0,0,Sample Film 0437,435
TP100145,2024-03-31,329253.86,52436.46,52858.21,214387.75,216414.86,2024-05-20,0,1,Sample Film 0438,529
TP100146,2022-03-31,88378.13,13110.61,4690.38,65836.55,63350.25,2022-12-13,0,0,Sample Film 0439,537
TP100146,2023-03-31,77519.65,16581.96,0.0,68215.79,55566.79,2023-04-30,0,1,Sample Film 0440,553
TP100146,2024-03-31,90183.13,17658.48,0.0,63408.86,64644.09,2024-05-18,0,0,Sample Film 0441,0
TP100147,2022-03-31,124782.01,20183.43,24953.06,88217.37,85233.08,2022-10-10,0,0,Sample Film 0442,105
TP100147,2023-03-31,95330.82,19226.78,16772.19,67217.3,65116.27,2023-05-15,0,0,Sample Film 0443,0
TP100147,2024-03-31,111593.91,19791.88,27873.05,77354.96,76224.87,2024-05-19,0,0,Sample Film 0444,52
TP100148,2022-03-31,44162.44,8878.63,4494.91,29533.92,28803.81,2022-05-27,0,0,Sample Film 0445,0
TP100148,2023-03-31,44626.08,8163.65,5843.1,29746.54,29106.21,2023-05-03,0,0,Sample Film 0446,636
TP100148,2024-03-31,37121.19,6024.79,5022.41,25098.92,24211.34,2024-05-26,0,0,Sample Film 0447,0
TP100149,2022-03-31,57746.22,10433.92,6736.87,41105.07,40958.89,2022-06-16,0,0,Sample Film 0448,0
TP100149,2023-03-31,58020.34,7500.86,1790.67,41452.8,41153.32,2023-06-05,0,0,Sample Film 0449,0
TP100149,2024-03-31,59877.79,9189.14,3218.91,41651.48,42470.79,2024-05-13,0,0,Sample Film 0450,0
TP100150,2022-03-31,76172.71,12093.38,4583.98,47225.45,49600.57,2022-06-03,0,0,Sample Film 0451,454
TP100150,2023-03-31,66787.72,8186.72,5301.22,42848.1,43489.44,2023-05-27,0,0,Sample Film 0452,52
TP100150,2024-03-31,87421.26,12251.65,8217.41,57180.33,56925.17,2024-05-22,0,0,Sample Film 0453,521
TP100151,2022-03-31,29623.52,4590.41,890.76,22369.5,22281.13,2022-05-09,0,0,Sample Film 0454,0
TP100151,2023-03-31,31711.86,5173.62,4011.39,23821.74,23851.85,2023-05-30,0,0,Sample Film 0455,106
TP100151,2024-03-31,48846.82,10068.42,7325.43,37974.55,36739.8,2024-04-30,0,0,Sample Film 0456,0
TP100152,2022-03-31,16594.28,3062.1,3557.16,10963.92,11305.71,2022-06-18,0,0,Sample Film 0457,0
TP100152,2023-03-31,41650.66,7199.54,1974.95,28936.91,28376.66,2023-05-02,0,1,Sample Film 0458,127
TP100152,2024-03-31,18232.51,3495.69,839.72,12608.48,12421.84,2025-04-18,0,1,Sample Film 0459,0
TP100153,2022-03-31,24601.61,4923.45,1893.8,16982.95,17212.65,2022-04-14,0,0,Sample Film 0460,0
TP100153,2023-03-31,22709.34,3477.17,1407.09,16334.68,15888.72,2023-06-23,0,0,Sample Film 0461,0
TP100153,2024-03-31,28406.42,6264.57,3165.22,20657.72,19874.71,2024-07-03,0,0,Sample Film 0462,181
TP100154,2022-03-31,78938.66,12178.1,11173.98,55708.17,55049.87,2022-05-07,0,0,Sample Film 0463,0
TP100154,2023-03-31,94804.09,16281.49,13676.73,63452.13,66114.03,2023-06-20,0,0,Sample Film 0464,388
TP100154,2024-03-31,85246.89,14818.57,6917.99,61492.23,59449.08,2024-06-07,0,0,Sample Film 0465,849
TP100155,2022-03-31,70411.37,12565.21,9963.02,45357.08,45864.18,2022-05-11,0,0,Sample Film 0466,224
TP100155,2023-03-31,144255.96,24691.76,27261.57,96576.03,93964.66,2023-04-14,0,0,Sample Film 0467,0
TP100155,2024-03-31,68894.5,16623.61,9015.2,43877.73,44876.12,2024-05-19,0,1,Sample Film 0468,209
TP100156,2022-03-31,147000.2,29473.05,25832.75,66545.14,92098.94,2022-03-04,0,0,Sample Film 0469,0
TP100156,2023-03-31,59794.21,10862.09,7762.68,38006.51,37462.42,2023-05-05,0,0,Sample Film 0470,0
TP100156,2024-03-31,67830.48,11921.49,13012.14,44285.49,42497.32,2024-05-15,0,0,Sample Film 0471,401
TP100157,2022-03-31,57502.98,14278.71,2034.4,37470.88,38772.59,2022-06-22,0,0,Sample Film 0472,64
TP100157,2023-03-31,52968.81,9903.82,7531.08,34029.0,35715.33,2023-05-07,0,0,Sample Film 0473,0
TP100157,2024-03-31,59159.38,10346.29,3340.34,40660.92,39889.45,2024-03-14,0,0,Sample Film 0474,48
TP100158,2022-03-31,53787.83,10876.78,8675.62,35924.0,37038.27,2022-05-03,0,0,Sample Film 0475,125
TP100158,2023-03-31,53035.2,9907.05,2935.4,37494.54,36520.01,2023-05-08,0,0,Sample Film 0476,153
TP100158,2024-03-31,58009.35,10617.09,11683.85,38451.8,39945.2,2024-07-15,0,0,Sample Film 0477,101
TP100159,2022-03-31,115927.4,23047.37,9888.26,84158.63,83198.28,2022-04-30,0,0,Sample Film 0478,64
TP100159,2023-03-31,45063.26,7074.67,4621.39,33202.21,32340.81,2023-06-14,0,0,Sample Film 0479,295
TP100159,2024-03-31,48682.48,8872.99,2332.05,35261.39,34938.23,2024-12-26,0,0,Sample Film 0480,0
TP100160,2022-03-31,31447.47,7122.23,0.0,19025.3,22837.64,2022-04-16,0,1,Sample Film 0481,6
TP100160,2023-03-31,80975.89,12560.56,0.0,60837.76,58805.95,2023-05-19,0,0,Sample Film 0482,372
TP100160,2024-03-31,28974.4,4823.65,0.0,20382.86,21041.66,2025-02-18,1,0,Sample Film 0483,0
TP100161,2022-03-31,86655.71,15274.93,11683.7,63403.27,61033.51,2022-07-22,0,0,Sample Film 0484,0
TP100161,2023-03-31,101463.84,18627.72,10504.02,68922.22,71463.19,2023-03-19,0,1,Sample Film 0485,0
TP100161,2024-03-31,108115.63,17827.5,14905.62,79614.27,76148.2,2024-04-22,0,0,Sample Film 0486,0
TP100162,2022-03-31,120906.96,25720.42,8832.54,74932.43,75915.61,2022-05-21,0,0,Sample Film 0487,248
TP100162,2023-03-31,102641.09,16560.82,7990.69,63168.53,64446.75,2023-04-27,0,0,Sample Film 0488,0
TP100162,2024-03-31,133677.82,27774.26,13375.29,82809.75,83934.23,2024-07-27,0,0,Sample Film 0489,495
TP100163,2022-03-31,53146.31,10030.25,4925.03,37649.47,38140.45,2022-07-07,0,0,Sample Film 0490,59
TP100163,2023-03-31,67629.3,13073.57,6381.22,48805.34,48534.17,2023-04-22,0,0,Sample Film 0491,901
TP100163,2024-03-31,58733.01,10888.95,9392.07,40880.3,42149.75,2024-06-06,0,0,Sample Film 0492,385
TP100164,2022-03-31,81389.96,16264.41,5706.67,56347.7,57855.59,2022-06-08,0,0,Sample Film 0493,0
TP100164,2023-03-31,91224.38,15323.3,13937.99,66511.51,64846.33,2023-04-21,0,0,Sample Film 0494,637
TP100164,2024-03-31,195965.58,32052.69,4579.29,139685.21,139301.02,2024-06-05,0,0,Sample Film 0495,0
TP100165,2022-03-31,172940.12,36456.96,27751.76,111083.13,108470.27,2022-04-08,0,0,Sample Film 0496,854
TP100165,2023-03-31,85364.91,14379.62,3166.3,55843.85,53541.97,2023-07-14,0,0,Sample Film 0497,366
TP100165,2024-03-31,97184.93,16743.12,17940.05,58680.1,60955.64,2024-04-22,1,0,Sample Film 0498,0
TP100166,2022-03-31,411559.29,65975.88,0.0,279924.99,284343.79,2022-05-08,0,0,Sample Film 0499,953
TP100166,2023-03-31,163735.17,30505.35,0.0,110909.88,113123.62,2023-08-22,0,0,Sample Film 0500,291
TP100166,2024-03-31,145149.02,31323.06,1936.66,103219.24,100282.57,2024-05-05,0,0,Sample Film 0501,362
TP100167,2022-03-31,48113.33,8184.81,6305.31,32868.09,34399.76,2022-05-06,0,0,Sample Film 0502,0
TP100167,2023-03-31,58157.58,11180.14,3783.7,42936.21,41581.13,2023-04-20,0,0,Sample Film 0503,0
TP100167,2024-03-31,48507.83,8821.46,45.14,26577.57,34681.81,2024-05-09,0,0,Sample Film 0504,0
TP100168,2022-03-31,47213.97,7481.47,210.25,36327.22,34821.19,2022-05-12,0,0,Sample Film 0505,1333
TP100168,2023-03-31,21836.15,2456.94,721.6,16388.16,16104.57,2023-05-31,0,0,Sample Film 0506,34
TP100168,2024-03-31,21415.41,3286.65,2715.79,16533.48,15794.27,2024-03-31,0,0,Sample Film 0507,0
TP100169,2022-03-31,22627.23,3645.89,3720.87,15341.31,14669.77,2022-05-16,0,0,Sample Film 0508,0
TP100169,2023-03-31,22919.78,3540.05,3550.71,14622.02,14859.44,2023-05-08,0,0,Sample Film 0509,582
TP100169,2024-03-31,21766.66,3503.86,2226.76,14737.27,14111.84,2024-04-15,0,0,Sample Film 0510,0
TP100170,2022-03-31,46628.76,8365.06,4394.04,33185.37,34213.23,2022-11-13,0,0,Sample Film 0511,255
TP100170,2023-03-31,62640.66,11950.97,6433.03,44457.69,45961.76,2023-04-26,0,0,Sample Film 0512,0
TP100170,2024-03-31,105517.21,24590.27,11680.98,78576.63,77421.86,2024-05-18,0,0,Sample Film 0513,0
TP100171,2022-03-31,52084.76,10870.97,0.0,36591.4,35969.1,2022-05-17,0,0,Sample Film 0514,0
TP100171,2023-03-31,44613.91,7803.17,3697.45,29291.2,30809.83,2023-04-30,0,0,Sample Film 0515,594
TP100171,2024-03-31,52606.83,10303.74,0.0,35596.33,36329.64,2024-06-26,0,0,Sample Film 0516,0
TP100172,2022-03-31,61670.5,14059.89,4667.62,39720.18,38432.85,2022-04-03,0,0,Sample Film 0517,0
TP100172,2023-03-31,115673.86,12035.51,6484.79,72662.36,72087.56,2023-05-10,0,1,Sample Film 0518,713
TP100172,2024-03-31,61726.43,8297.94,2046.46,38596.78,38467.7,2024-11-30,0,0,Sample Film 0519,438
TP100173,2022-03-31,40617.72,7043.54,2791.51,26590.99,26456.88,2022-05-28,1,0,Sample Film 0520,691
TP100173,2023-03-31,39440.39,5641.04,5860.19,25912.92,25690.01,2023-06-20,0,0,Sample Film 0521,0
TP100173,2024-03-31,47785.96,10953.11,2001.47,32472.66,31126.0,2024-11-30,0,0,Sample Film 0522,0
TP100174,2022-03-31,174970.95,15114.63,18200.14,114312.72,111215.2,2022-06-04,0,1,Sample Film 0523,173
TP100174,2023-03-31,84461.94,13852.37,16996.3,53804.7,53685.78,2023-04-12,0,0,Sample Film 0524,504
TP100174,2024-03-31,95026.59,22909.45,6673.38,57491.73,60400.89,2024-02-23,0,0,Sample Film 0525,0
TP100175,2022-03-31,50467.76,10841.0,6420.02,30491.27,36213.78,2022-08-04,0,0,Sample Film 0526,393
TP100175,2023-03-31,56220.19,9834.62,8413.54,40410.57,40341.51,2023-05-20,0,0,Sample Film 0527,0
TP100175,2024-03-31,58737.67,9672.35,0.0,36537.49,42147.96,2024-05-26,0,0,Sample Film 0528,0
TP100176,2022-03-31,61352.26,11776.13,3378.46,46180.4,44261.26,2022-04-30,0,0,Sample Film 0529,0
TP100176,2023-03-31,51453.35,7004.87,3952.47,36978.13,37119.91,2023-04-28,0,0,Sample Film 0530,0
TP100176,2024-03-31,62089.18,14097.07,0.0,44716.81,44792.9,2024-05-06,0,0,Sample Film 0531,0
TP100177,2022-03-31,65746.39,13203.04,8954.5,44419.67,42620.15,2022-03-25,0,0,Sample Film 0532,732
TP100177,2023-03-31,67679.95,13098.28,5213.44,42255.0,43873.59,2023-05-10,0,0,Sample Film 0533,322
TP100177,2024-03-31,61164.85,9974.4,1569.87,40818.51,39650.16,2024-04-06,0,0,Sample Film 0534,0
TP100178,2022-03-31,122421.4,22550.0,21174.07,90351.84,86917.85,2022-05-03,0,0,Sample Film 0535,41
TP100178,2023-03-31,208361.73,37346.67,66201.26,150329.62,147934.53,2023-04-28,0,1,Sample Film 0536,0
TP100178,2024-03-31,119723.02,22509.96,26322.68,88524.0,85002.02,2024-05-02,0,0,Sample Film 0537,397
TP100179,2022-03-31,24276.32,4136.61,0.0,16380.08,16679.12,2022-12-01,0,0,Sample Film 0538,190
TP100179,2023-03-31,53397.41,8605.3,1268.71,37136.45,36686.86,2023-05-15,0,0,Sample Film 0539,0
TP100179,2024-03-31,24639.57,3515.01,430.92,16350.61,16928.69,2024-03-08,0,0,Sample Film 0540,0
TP100180,2022-03-31,68435.57,14070.08,5810.18,46021.34,46662.56,2023-03-24,1,0,Sample Film 0541,0
TP100180,2023-03-31,80401.7,19234.65,14299.46,44749.44,54821.63,2023-05-10,0,0,Sample Film 0542,234
TP100180,2024-03-31,90199.18,12710.39,0.0,58733.07,61502.01,2024-05-23,0,0,Sample Film 0543,429
TP100181,2022-03-31,57152.55,7500.34,0.0,45825.99,43891.93,2022-05-06,0,0,Sample Film 0544,4
TP100181,2023-03-31,70369.51,13466.26,9107.24,54261.75,54042.28,2023-05-12,0,0,Sample Film 0545,666
TP100181,2024-03-31,68821.02,14665.52,11475.81,56156.62,52853.07,2024-03-03,0,0,Sample Film 0546,410
TP100182,2022-03-31,140200.74,24059.65,31262.35,112630.61,94954.34,2022-04-16,0,0,Sample Film 0547,297
TP100182,2023-03-31,334986.03,66990.85,14743.75,230725.47,226877.37,2023-04-08,0,0,Sample Film 0548,0
TP100182,2024-03-31,164418.91,38798.81,45426.22,107813.4,111356.67,2024-12-19,0,0,Sample Film 0549,0
TP100183,2022-03-31,272284.85,38893.34,13077.54,179970.69,185662.22,2022-05-10,0,1,Sample Film 0550,381
TP100183,2023-03-31,114669.53,21880.22,0.0,79815.37,78189.44,2023-03-28,0,0,Sample Film 0551,305
TP100183,2024-03-31,122268.13,25608.57,1680.65,84269.1,83370.67,2024-04-03,0,0,Sample Film 0552,0
TP100184,2022-03-31,55847.69,7505.45,3195.44,34680.2,36358.64,2022-06-16,0,0,Sample Film 0553,20
TP100184,2023-03-31,118895.36,12404.55,10829.86,77376.25,77404.72,2023-05-03,0,0,Sample Film 0554,371
TP100184,2024-03-31,47168.96,8367.72,2507.49,31817.44,30708.51,2024-08-24,0,0,Sample Film 0555,370
TP100185,2022-03-31,33679.55,7068.32,922.88,23075.35,22323.22,2022-05-22,0,0,Sample Film 0556,0
TP100185,2023-03-31,29961.33,5485.55,0.0,20312.74,19858.73,2023-06-20,0,0,Sample Film 0557,0
TP100185,2024-03-31,30254.41,5180.7,2661.35,20735.68,20052.99,2024-06-13,0,0,Sample Film 0558,368
TP100186,2022-03-31,68028.44,13897.38,6470.35,45752.39,45913.75,2022-06-02,0,0,Sample Film 0559,85
TP100186,2023-03-31,68635.86,9522.17,4309.62,46325.12,46323.71,2023-05-24,0,0,Sample Film 0560,14
TP100186,2024-03-31,68843.43,11610.56,12662.7,47418.62,46463.81,2024-06-02,0,0,Sample Film 0561,1064
TP100187,2022-03-31,155822.87,30562.01,19258.76,124413.18,118599.18,2022-04-15,0,0,Sample Film 0562,415
TP100187,2023-03-31,66048.87,8919.83,10927.16,49331.67,50270.81,2023-04-01,0,0,Sample Film 0563,0
TP100187,2024-03-31,71517.1,13301.35,11656.1,55470.38,54432.77,2024-07-19,0,0,Sample Film 0564,168
TP100188,2022-03-31,60553.29,12657.96,10742.6,37194.12,38920.92,2022-11-23,0,1,Sample Film 0565,0
TP100188,2023-03-31,57910.57,9685.84,8811.05,35630.03,37222.29,2023-04-14,1,0,Sample Film 0566,352
TP100188,2024-03-31,60588.48,12229.81,17755.32,41781.68,38943.53,2024-05-04,0,0,Sample Film 0567,0
TP100189,2022-03-31,42078.77,8831.36,6123.09,30082.68,30029.74,2022-06-30,1,1,Sample Film 0568,282
TP100189,2023-03-31,39277.14,6639.47,10091.59,32539.12,28030.34,2023-04-19,0,0,Sample Film 0569,587
TP100189,2024-03-31,36086.42,7212.84,5218.09,25532.9,25753.27,2024-04-12,0,0,Sample Film 0570,687
TP100190,2022-03-31,33828.41,6414.09,5482.82,25378.94,25513.46,2023-02-20,0,0,Sample Film 0571,0
TP100190,2023-03-31,34657.5,7041.34,5500.06,26249.56,26138.77,2023-04-18,0,0,Sample Film 0572,151
TP100190,2024-03-31,32212.43,5104.32,5664.17,24867.93,24294.69,2024-04-23,0,0,Sample Film 0573,0
TP100191,2022-03-31,75533.93,13127.08,7590.89,50758.97,49528.8,2022-05-31,0,0,Sample Film 0574,0
TP100191,2023-03-31,155083.74,33366.94,35196.66,100450.51,101690.89,2023-05-24,0,0,Sample Film 0575,0
TP100191,2024-03-31,67942.84,12287.73,10404.37,44352.96,44551.21,2024-03-12,1,0,Sample Film 0576,0
TP100192,2022-03-31,24316.92,3732.37,1805.01,14418.24,18632.28,2022-04-18,0,0,Sample Film 0577,386
TP100192,2023-03-31,43293.82,8375.39,4543.82,33225.78,33172.88,2023-04-17,0,0,Sample Film 0578,115
TP100192,2024-03-31,27844.58,5740.04,2636.86,22282.75,21335.26,2024-07-05,0,0,Sample Film 0579,0
TP100193,2022-03-31,51956.57,10855.01,3994.24,33962.25,34168.94,2022-05-13,0,0,Sample Film 0580,0
TP100193,2023-03-31,43505.41,9111.84,5465.13,28598.65,28611.09,2023-03-23,0,0,Sample Film 0581,0
TP100193,2024-03-31,71857.37,9753.75,10295.32,45809.21,47256.6,2025-01-03,1,0,Sample Film 0582,0
TP100194,2022-03-31,65338.52,12902.81,16771.24,48442.17,50436.1,2022-03-21,0,0,Sample Film 0583,0
TP100194,2023-03-31,62641.82,9533.36,8482.78,50040.91,48354.47,2023-06-25,0,0,Sample Film 0584,323
TP100194,2024-03-31,58240.61,9910.56,7330.77,46668.38,44957.09,2024-06-22,0,0,Sample Film 0585,454
TP100195,2022-03-31,36399.0,5891.28,4151.79,24936.55,24282.74,2022-03-26,0,0,Sample Film 0586,539
TP100195,2023-03-31,32777.66,3708.34,2263.45,22744.27,21866.85,2023-05-03,0,0,Sample Film 0587,0
TP100195,2024-03-31,31951.54,5175.78,3072.35,21379.26,21315.72,2024-06-13,1,0,Sample Film 0588,278
TP100196,2022-03-31,61767.64,9696.2,7794.8,49071.79,48408.36,2022-05-09,0,0,Sample Film 0589,0
TP100196,2023-03-31,43476.3,7899.74,1511.87,34714.7,34073.12,2023-06-03,0,0,Sample Film 0590,378
TP100196,2024-03-31,44780.17,8953.82,946.61,34445.17,35094.99,2024-06-04,0,0,Sample Film 0591,0
TP100197,2022-03-31,25596.92,4704.25,3947.92,17871.47,17424.46,2023-03-07,0,0,Sample Film 0592,0
TP100197,2023-03-31,30677.0,5381.89,5909.05,20791.39,20882.6,2023-05-14,0,0,Sample Film 0593,518
TP100197,2024-03-31,28308.84,4656.65,4141.2,19860.39,19270.53,2024-06-23,0,0,Sample Film 0594,0
TP100198,2022-03-31,59545.68,12379.08,3206.32,41691.84,40844.23,2023-04-10,0,0,Sample Film 0595,0
TP100198,2023-03-31,56760.32,9935.76,0.0,38858.32,38933.67,2023-04-13,0,0,Sample Film 0596,50
TP100198,2024-03-31,53157.56,9021.84,0.0,37140.17,36462.42,2024-03-31,0,0,Sample Film 0597,748
TP100199,2022-03-31,133773.33,25341.15,0.0,97135.75,92947.48,2022-07-16,0,0,Sample Film 0598,0
TP100199,2023-03-31,265108.32,57717.55,4740.61,182153.4,184200.76,2023-04-06,0,0,Sample Film 0599,484
TP100199,2024-03-31,137786.5,18228.57,0.0,93267.65,95735.88,2024-05-18,0,0,Sample Film 0600,0
